unix_seconds;temperature
1666423179.500505;9.892023326488392
1666423197.500505;9.905803080871598
1666423215.500505;10.389472759071975
1666423233.500505;10.23013647188375
1666423251.500505;10.485012309520384
1666423269.500505;11.11827361667627
1666423287.500505;11.15601707579717
1666423305.500505;10.901368999642667
1666423323.500505;11.233591261678878
1666423341.500505;11.714574265675347
1666423359.500505;11.453938619967797
1666423377.500505;11.68538634663561
1666423395.500505;11.81113876564538
1666423413.500505;11.850578296078268
1666423431.500505;12.175635722692082
1666423449.500505;12.33298534399409
1666423467.500505;12.468764038951097
1666423485.500505;12.638955551316672
1666423503.500505;12.685393813020115
1666423521.500505;12.675417946850907
1666423539.500505;12.767973860617843
1666423557.500505;12.72529027479755
1666423575.500505;12.851749661959415
1666423593.500505;12.82817251806204
1666423611.500505;12.953920411307083
1666423629.500505;12.922429209031714
1666423647.500505;12.990807464078861
1666423665.500505;12.9882040841965
1666423683.500505;12.9867873028119
1666423701.500505;12.99395674695188
1666423719.500505;12.973473900258778
1666423737.500505;12.958425299323606
1666423755.500505;12.912386682046243
1666423773.500505;12.864349060738814
1666423791.500505;12.847268927302672
1666423809.500505;12.58224408845497
1666423827.500505;12.655903841618715
1666423845.500505;12.44119831434762
1666423863.500505;12.426119549804497
1666423881.500505;12.264409326165946
1666423899.500505;12.048772134961801
1666423917.500505;12.13982991646191
1666423935.500505;12.06799545020441
1666423953.500505;11.902593197353426
1666423971.500505;11.847337742912297
1666423989.500505;11.564936990333322
1666424007.500505;11.182560432383944
1666424025.500505;11.219409510715609
1666424043.500505;11.36130913767543
1666424061.500505;10.690927134371298
1666424079.500505;10.851528433761052
1666424097.500505;10.40734835582669
1666424115.500505;10.426374343360358
1666424133.500505;10.439448447651676
1666424151.500505;10.112221591198551
1666424169.500505;10.11343313749938
1666424187.500505;9.635574846252581
1666424205.500505;9.568388006798322
1666424223.500505;9.62904922755535
1666424241.500505;9.21843236045607
1666424259.500505;9.092943753267905
1666424277.500505;8.89907476168204
1666424295.500505;8.603097688854781
1666424313.500505;8.480949780712802
1666424331.500505;8.536665660912393
1666424349.500505;8.390868668438305
1666424367.500505;8.384301534371735
1666424385.500505;8.138617179548124
1666424403.500505;7.901009978459904
1666424421.500505;7.9627303971741945
1666424439.500505;7.800191852404052
1666424457.500505;7.472812870035019
1666424475.500505;7.395777624960168
1666424493.500505;7.267986786728946
1666424511.500505;7.441321503023931
1666424529.500505;7.136393868755354
1666424547.500505;7.241633868679284
1666424565.500505;7.133554117291961
1666424583.500505;7.087354493742252
1666424601.500505;7.072514431013642
1666424619.500505;7.020412062412484
1666424637.500505;7.00162111191119
1666424655.500505;7.003387731879572
1666424673.500505;7.033270154620225
1666424691.500505;7.072742817833712
1666424709.500505;7.05300567078303
1666424727.500505;7.094644864722643
1666424745.500505;7.176217363773032
1666424763.500505;7.138501637631032
1666424781.500505;7.231753212107792
1666424799.500505;7.3202040109882205
1666424817.500505;7.359858428621337
1666424835.500505;7.369312647608863
1666424853.500505;7.546268539835628
1666424871.500505;7.759726387192563
1666424889.500505;7.795180195779073
1666424907.500505;7.885938293159374
1666424925.500505;8.147910613249152
1666424943.500505;8.158776537638191
1666424961.500505;8.403406047235606
1666424979.500505;8.456051576547644
1666424997.500505;8.90675952189078
1666425015.500505;8.827858208091257
1666425033.500505;9.09107973924021
1666425051.500505;9.109956933203346
1666425069.500505;9.192234797677186
1666425087.500505;9.179518217214206
1666425105.500505;9.711164943620387
1666425123.500505;10.096487798012543
1666425141.500505;10.188168437276408
1666425159.500505;10.228857076806845
1666425177.500505;10.125830304857892
1666425195.500505;10.612321560899602
1666425213.500505;10.81795334607544
1666425231.500505;11.03078795459024
1666425249.500505;11.169192242802607
1666425267.500505;11.198400175792449
1666425285.500505;11.119809005592604
1666425303.500505;11.318728629545728
1666425321.500505;11.384599490217028
1666425339.500505;11.987875628076893
1666425357.5005052;11.784152957516856
1666425375.5005052;11.811999333458925
1666425393.5005052;12.090786738202379
1666425411.5005052;12.096364485779745
1666425429.5005052;12.210344703441976
1666425447.5005052;12.319641759520637
1666425465.5005052;12.50393772403262
1666425483.5005052;12.657219520514673
1666425501.5005052;12.61952859598485
1666425519.5005052;12.820661505021999
1666425537.5005052;12.862509195941477
1666425555.5005052;12.893440950113042
1666425573.5005052;12.980276657843095
1666425591.5005052;12.983118681581209
1666425609.5005052;12.971256097235731
1666425627.5005052;12.994945662644247
1666425645.5005052;12.991419275409582
1666425663.5005052;12.997919144969153
1666425681.5005052;12.955813539679927
1666425699.5005052;12.940533328053194
1666425717.5005052;12.942539567826907
1666425735.5005052;12.860067499649793
1666425753.5005052;12.681159108894066
1666425771.5005052;12.643002343530789
1666425789.5005052;12.62926103083132
1666425807.5005052;12.626952231917878
1666425825.5005052;12.44231400683664
1666425843.5005052;12.485779118236396
1666425861.5005052;12.314115533637532
1666425879.5005052;11.940439064224847
1666425897.5005052;12.199164230826408
1666425915.5005052;11.7117264576999
1666425933.5005052;11.85733398127837
1666425951.5005052;11.750458352783896
1666425969.5005052;11.185967258965318
1666425987.5005052;11.424627592869248
1666426005.5005052;10.878610081893843
1666426023.5005052;11.125652037512568
1666426041.5005052;11.01468990430818
1666426059.5005052;10.526576441941607
1666426077.5005052;10.619051304692022
1666426095.5005052;10.17763936835087
1666426113.5005052;10.001955742737115
1666426131.5005052;9.943171546106136
1666426149.5005052;9.836461655756002
1666426167.5005052;9.52460539431909
1666426185.5005052;9.357813774184864
1666426203.5005052;9.30635186488553
1666426221.5005052;8.965888460042853
1666426239.5005052;8.908111156324873
1666426257.5005052;8.58252707372213
1666426275.5005052;8.752903946270777
1666426293.5005052;8.43115387977276
1666426311.5005052;8.227956858375189
1666426329.5005052;8.258119292174005
1666426347.5005052;7.965876544542187
1666426365.5005052;7.899372993599099
1666426383.5005052;7.836913333970601
1666426401.5005052;7.554734515184283
1666426419.5005052;7.7452130298049475
1666426437.5005052;7.411158282346988
1666426455.5005052;7.515767741128825
1666426473.5005052;7.278797165521162
1666426491.5005052;7.198631258639919
1666426509.5005052;7.122147205040436
1666426527.5005052;7.059647391207945
1666426545.5005052;7.0355716454835315
1666426563.5005052;7.104370474511869
1666426581.5005052;7.017464691970597
1666426599.5005052;7.006405589561039
1666426617.5005052;7.008943649345017
1666426635.5005052;7.000301099544215
1666426653.5005052;7.002828505505669
1666426671.5005052;7.032365537238423
1666426689.5005052;7.0828902388069706
1666426707.5005052;7.213133783146706
1666426725.5005052;7.117507155809058
1666426743.5005052;7.194861479956561
1666426761.5005052;7.253446353810819
1666426779.5005052;7.302058944504277
1666426797.5005052;7.461738074180001
1666426815.5005052;7.449967561127386
1666426833.5005052;7.60882207687089
1666426851.5005052;7.850411934536398
1666426869.5005052;7.7636329394085255
1666426887.5005052;7.871851141945831
1666426905.5005052;7.974863230647428
1666426923.5005052;8.1196207671231
1666426941.5005052;8.411948660879812
1666426959.5005052;8.503534451399638
1666426977.5005052;8.989241926977707
1666426995.5005052;8.86763301999316
1666427013.5005052;8.947526830174043
1666427031.5005052;9.21758653764443
1666427049.5005052;9.574659339057854
1666427067.5005052;9.803150412886783
1666427085.5005052;9.545552701825867
1666427103.5005052;10.241323055544557
1666427121.5005052;10.174273503510882
1666427139.5005052;10.500803609687848
1666427157.5005052;10.315363137337453
1666427175.5005052;10.894901196349126
1666427193.5005052;10.910910392347153
1666427211.5005052;11.16854022645509
1666427229.5005052;11.413727787620624
1666427247.5005052;11.049223891048607
1666427265.5005052;11.32347991073645
1666427283.5005052;11.761336197191529
1666427301.5005052;11.853731926670697
1666427319.5005052;11.747201085493307
1666427337.5005052;12.216372244362223
1666427355.5005052;12.22362803683397
1666427373.5005052;12.121464250806065
1666427391.5005052;12.219982871043223
1666427409.5005052;12.494258873867523
1666427427.5005052;12.451111567812152
1666427445.5005052;12.586984041559496
1666427463.5005052;12.727708327141205
1666427481.5005052;12.725952095854565
1666427499.5005052;12.791347826756073
1666427517.5005052;12.817538125391263
1666427535.5005052;12.978795116108092
1666427553.5005052;12.961023468432654
1666427571.5005052;12.976301936446774
1666427589.5005052;12.9998735939737
1666427607.5005052;12.998872621075524
1666427625.5005052;12.9998181124983
1666427643.5005052;12.947917772695584
1666427661.5005052;12.948142465059636
1666427679.5005052;12.886623456514567
1666427697.5005052;12.80515106140093
1666427715.5005052;12.846769537579426
1666427733.5005052;12.79634476786148
1666427751.5005052;12.707595824463738
1666427769.5005052;12.406683667028627
1666427787.5005052;12.31302258097896
1666427805.5005052;12.355241127722895
1666427823.5005052;12.370774178930112
1666427841.5005052;12.136614522226845
1666427859.5005052;12.02516286844795
1666427877.5005052;11.919871267074381
1666427895.5005052;11.822350141849542
1666427913.5005052;11.550764245752287
1666427931.5005052;11.665728276704481
1666427949.5005052;11.267111509993251
1666427967.5005052;11.224549765835684
1666427985.5005052;10.741825939724913
1666428003.5005052;11.029458118350673
1666428021.5005052;10.61268540142963
1666428039.5005052;10.602121234599117
1666428057.5005052;10.220252954473704
1666428075.5005052;10.236418310931079
1666428093.5005052;10.171782098581193
1666428111.5005052;9.553750773536201
1666428129.5005052;9.454355013033611
1666428147.5005052;9.267979147594724
1666428165.5005052;9.17643730147222
1666428183.5005052;8.86863286302154
1666428201.5005052;9.03558524385955
1666428219.5005052;8.77705004496135
1666428237.5005052;8.838726042772512
1666428255.5005052;8.225130316782
1666428273.5005052;8.371853972983779
1666428291.5005052;8.145843673645372
1666428309.5005052;8.083782796905469
1666428327.5005052;8.034384404437919
1666428345.5005052;7.816720166825869
1666428363.5005052;7.836165391175571
1666428381.5005052;7.594706563966095
1666428399.5005052;7.436110255662367
1666428417.5005052;7.494503644185519
1666428435.5005052;7.206030351650711
1666428453.5005052;7.19888466190553
1666428471.5005052;7.2688356441361925
1666428489.5005052;7.089572982297028
1666428507.5005052;7.033410926794628
1666428525.5005052;7.102991237195745
1666428543.5005052;7.036054260338476
1666428561.5005052;7.019335225657604
1666428579.5005052;7.004536356287204
1666428597.5005052;7.000624471402417
1666428615.5005052;7.002074598088225
1666428633.5005052;7.0197425962992295
1666428651.5005052;7.134330704982791
1666428669.5005052;7.0729502100626425
1666428687.5005052;7.09443546665911
1666428705.5005052;7.264626040216128
1666428723.5005052;7.366917155964264
1666428741.5005052;7.460408708836249
1666428759.5005052;7.393504973407951
1666428777.5005052;7.616394271209776
1666428795.5005052;7.78692285886225
1666428813.5005052;7.618566884334216
1666428831.5005052;8.070896096639908
1666428849.5005052;8.137375149515469
1666428867.5005052;8.251374828978854
1666428885.5005052;8.170936699847537
1666428903.5005052;8.286144730160087
1666428921.5005052;8.64274585663993
1666428939.5005052;9.056644839196428
1666428957.5005052;9.175884222938853
1666428975.5005052;9.229664981891434
1666428993.5005052;9.365552776968242
1666429011.5005052;9.41135742519145
1666429029.5005052;9.802443980828867
1666429047.5005052;9.589381544136812
1666429065.5005052;9.81199937886359
1666429083.5005052;10.047661700913636
1666429101.5005052;10.49714729502978
1666429119.5005052;10.174140956180564
1666429137.5005052;10.828131308808672
1666429155.5005052;10.88733831715093
1666429173.5005052;10.834449027955218
1666429191.5005052;11.373250672592373
1666429209.5005052;11.112925666439834
1666429227.5005052;11.53894527459061
1666429245.5005052;11.832827811691867
1666429263.5005052;11.740288031085974
1666429281.5005052;11.790244349256765
1666429299.5005052;11.91893948613454
1666429317.5005052;12.142922643274282
1666429335.5005052;12.09749732664628
1666429353.5005052;12.275143421799935
1666429371.5005052;12.515331896745845
1666429389.5005052;12.45932429532571
1666429407.5005052;12.772230889223561
1666429425.5005052;12.651801910887166
1666429443.5005052;12.744148786367196
1666429461.5005052;12.861184558751596
1666429479.5005052;12.823429840146671
1666429497.5005052;12.959646597222838
1666429515.5005052;12.921267296232283
1666429533.5005052;12.999945787701375
1666429551.5005052;12.995027485993269
1666429569.5005052;12.99733167479393
1666429587.5005052;12.978146391611851
1666429605.5005052;12.971738022887985
1666429623.5005052;12.932856609472037
1666429641.5005052;12.901040533719245
1666429659.5005054;12.766490530947037
1666429677.5005054;12.768117162300513
1666429695.5005054;12.80837576184676
1666429713.5005054;12.557656887317034
1666429731.5005054;12.553578150340028
1666429749.5005054;12.531935298894211
1666429767.5005054;12.394167437472131
1666429785.5005054;12.104427133906174
1666429803.5005054;11.998081797885165
1666429821.5005054;12.2123242049993
1666429839.5005054;11.855137091829143
1666429857.5005054;11.560593413058687
1666429875.5005054;11.709952728247345
1666429893.5005054;11.299196068254004
1666429911.5005054;11.454821016804246
1666429929.5005054;11.081206733810651
1666429947.5005054;10.803383565993444
1666429965.5005054;10.664953266243389
1666429983.5005054;10.680752616816834
1666430001.5005054;10.734406426872283
1666430019.5005054;10.33148103199134
1666430037.5005054;9.976371913700595
1666430055.5005054;10.037583090326345
1666430073.5005054;9.56335305419759
1666430091.5005054;9.481623704469282
1666430109.5005054;9.571689857740147
1666430127.5005054;9.498795061618988
1666430145.5005054;8.93910360753448
1666430163.5005054;8.771113470304332
1666430181.5005054;8.67449527187566
1666430199.5005054;8.405834228964817
1666430217.5005054;8.39163801701343
1666430235.5005054;8.248528447996232
1666430253.5005054;8.239781553107488
1666430271.5005054;8.218964670087171
1666430289.5005054;7.8020279513374575
1666430307.5005054;7.693884806250194
1666430325.5005054;7.683183565068811
1666430343.5005054;7.579085961148176
1666430361.5005054;7.35894701357196
1666430379.5005054;7.55592454586556
1666430397.5005054;7.263188794725061
1666430415.5005054;7.2067303097488855
1666430433.5005054;7.1995728097497445
1666430451.5005054;7.087572982689272
1666430469.5005054;7.043052765846554
1666430487.5005054;7.013534033814787
1666430505.5005054;7.028285007823666
1666430523.5005054;7.000002046850636
1666430541.5005054;7.012477349462168
1666430559.5005054;7.016635658194445
1666430577.5005054;7.017142944778889
1666430595.5005054;7.039063312984858
1666430613.5005054;7.024983850275785
1666430631.5005054;7.067633922933475
1666430649.5005054;7.1451478882386805
1666430667.5005054;7.134820781212467
1666430685.5005054;7.197126727308145
1666430703.5005054;7.5090602677884934
1666430721.5005054;7.355437543355269
1666430739.5005054;7.708023694380797
1666430757.5005054;7.633548891642922
1666430775.5005054;7.614493295892169
1666430793.5005054;7.786833222164808
1666430811.5005054;8.210593700982788
1666430829.5005054;8.032018821462648
1666430847.5005054;8.47330996771877
1666430865.5005054;8.307789506049811
1666430883.5005054;8.785735036467967
1666430901.5005054;8.585171788542672
1666430919.5005054;8.656021152429693
1666430937.5005054;9.12513063979814
1666430955.5005054;9.500356941239204
1666430973.5005054;9.460752240008285
1666430991.5005054;9.640459263682148
1666431009.5005054;9.547118558282273
1666431027.5005054;9.739496638304008
1666431045.5005054;9.986955783977725
1666431063.5005054;9.99474334151297
1666431081.5005054;10.403306130728158
1666431099.5005054;10.879219333915405
1666431117.5005054;10.88379558514888
1666431135.5005054;11.114519819644041
1666431153.5005054;11.383280454388682
1666431171.5005054;11.140074021716536
1666431189.5005054;11.235373749921417
1666431207.5005054;11.60628469962478
1666431225.5005054;11.683042871523204
1666431243.5005054;11.851664694962583
1666431261.5005054;12.120055945824799
1666431279.5005054;12.268427391995417
1666431297.5005054;12.410218832131163
1666431315.5005054;12.373271879644262
1666431333.5005054;12.542385723872135
1666431351.5005054;12.427586628976147
1666431369.5005054;12.756811860970553
1666431387.5005054;12.777203645310863
1666431405.5005054;12.865808050066416
1666431423.5005054;12.916399673807335
1666431441.5005054;12.816018525159603
1666431459.5005054;12.97129763822376
1666431477.5005054;12.968150960344609
1666431495.5005054;12.982115182652839
1666431513.5005054;12.999013023062462
1666431531.5005054;12.99135293163855
1666431549.5005054;12.989537735345023
1666431567.5005054;12.953057361691043
1666431585.5005054;12.965077577154434
1666431603.5005054;12.870992421822343
1666431621.5005054;12.767922658693431
1666431639.5005054;12.846269354148786
1666431657.5005054;12.669091342235314
1666431675.5005054;12.676454124693429
1666431693.5005054;12.594004745490686
1666431711.5005054;12.427784199621517
1666431729.5005054;12.520023821864243
1666431747.5005054;12.15770789778956
1666431765.5005054;12.304756168773366
1666431783.5005054;11.861806134451676
1666431801.5005054;11.883845552887623
1666431819.5005054;11.80435883749863
1666431837.5005054;11.668391658761644
1666431855.5005054;11.459624699277022
1666431873.5005054;11.365424000921514
1666431891.5005054;11.09863632984011
1666431909.5005054;10.74029095590539
1666431927.5005054;10.925864194044724
1666431945.5005054;10.789049540667936
1666431963.5005054;10.691383581525464
1666431981.5005054;10.36793850142292
1666431999.5005054;10.348292431461802
1666432017.5005054;10.092277479514262
1666432035.5005054;9.97350478523273
1666432053.5005054;9.591985295786422
1666432071.5005054;9.345242085111419
1666432089.5005054;9.198014822762605
1666432107.5005054;9.067084724156688
1666432125.5005054;9.00007277520447
1666432143.5005054;8.710232208635404
1666432161.5005054;8.798663686172969
1666432179.5005054;8.66117426626316
1666432197.5005054;8.493260805534202
1666432215.5005054;8.333933204080516
1666432233.5005054;7.956431060170551
1666432251.5005054;7.957318836527767
1666432269.5005054;7.698181003735735
1666432287.5005054;7.69895873141267
1666432305.5005054;7.480836006641995
1666432323.5005054;7.506228038770429
1666432341.5005054;7.359858428621338
1666432359.5005054;7.235928657207656
1666432377.5005054;7.3385208810464055
1666432395.5005054;7.249891271926612
1666432413.5005054;7.105865874490052
1666432431.5005054;7.075520950425609
1666432449.5005054;7.011677044871101
1666432467.5005054;7.0682181499130845
1666432485.5005054;7.000296851322609
1666432503.5005054;7.0007574526488305
1666432521.5005054;7.00162111191119
1666432539.5005054;7.021473563198701
1666432557.5005054;7.0106573698157515
1666432575.5005054;7.027260278550843
1666432593.5005054;7.092158111618049
1666432611.5005054;7.20312995199137
1666432629.5005054;7.226070846678031
1666432647.5005054;7.296437702848936
1666432665.5005054;7.326506506567142
1666432683.5005054;7.627242490051614
1666432701.5005054;7.492393298648929
1666432719.5005054;7.837262894090686
1666432737.5005054;7.698288843444489
1666432755.5005054;7.701362363038851
1666432773.5005054;8.133915481347124
1666432791.5005054;7.9955166867475045
1666432809.5005054;8.398471704026845
1666432827.5005054;8.487173622732678
1666432845.5005054;8.341034366827177
1666432863.5005054;8.987242467029446
1666432881.5005054;8.733714740380735
1666432899.5005054;8.82026230004559
1666432917.5005054;9.408216511998518
1666432935.5005054;9.119266271871716
1666432953.5005054;9.458863261354608
1666432971.5005054;10.036671674382934
1666432989.5005054;9.628416913825088
1666433007.5005054;10.288799845143345
1666433025.5005054;10.4156935214551
1666433043.5005054;10.322200315634497
1666433061.5005054;10.40734835582668
1666433079.5005054;10.533544689806446
1666433097.5005054;11.018528158268396
1666433115.5005054;10.96358510943848
1666433133.5005054;11.40813600425992
1666433151.5005054;11.67203053262676
1666433169.5005054;11.610751750376703
1666433187.5005054;11.734242091161804
1666433205.5005054;11.879303328156197
1666433223.5005054;12.017466139736424
1666433241.5005054;11.974005616898156
1666433259.5005054;12.336414201896194
1666433277.5005054;12.40549440362395
1666433295.5005054;12.476266739922902
1666433313.5005054;12.687823528204337
1666433331.5005054;12.600987227059923
1666433349.5005054;12.753678434760017
1666433367.5005054;12.69285127699074
1666433385.5005054;12.791668732651512
1666433403.5005054;12.894276217498188
1666433421.5005054;12.868940996502939
1666433439.5005054;12.92632450566067
1666433457.5005054;12.970445121820092
1666433475.5005054;12.997847017885354
1666433493.5005054;12.990574099483961
1666433511.5005054;12.995577728200551
1666433529.5005054;12.970270148127696
1666433547.5005054;12.89488777249607
1666433565.5005054;12.858742187346916
1666433583.5005054;12.925922440160168
1666433601.5005054;12.778947307538207
1666433619.5005054;12.688318598792666
1666433637.5005054;12.779859941430082
1666433655.5005054;12.607812820090398
1666433673.5005054;12.32578586265678
1666433691.5005054;12.322758865906865
1666433709.5005054;12.154027816038283
1666433727.5005054;11.985680816478437
1666433745.5005054;11.831629519240389
1666433763.5005054;12.090881951846024
1666433781.5005054;11.727331867044219
1666433799.5005054;11.422345123710175
1666433817.5005054;11.642472464194997
1666433835.5005054;11.29886104940597
1666433853.5005054;11.375138638011359
1666433871.5005054;10.827842078502668
1666433889.5005054;10.625319041670299
1666433907.5005054;10.953329365623048
1666433925.5005054;10.598323496686488
1666433943.5005054;10.291116360817288
1666433961.5005054;10.375797782180037
1666433979.5005054;9.751285795040154
1666433997.5005057;9.541022061097504
1666434015.5005057;9.48597376806333
1666434033.5005057;9.736975356498164
1666434051.5005057;9.598061930767479
1666434069.5005057;9.202757192245354
1666434087.5005057;8.731484883074817
1666434105.5005057;8.92867276642332
1666434123.5005057;8.478828806442056
1666434141.5005057;8.65644053056864
1666434159.5005057;8.409089129091301
1666434177.5005057;8.309653370380932
1666434195.5005057;8.13198979787153
1666434213.5005057;7.942504150659083
1666434231.5005057;7.777435620340897
1666434249.5005057;7.714889979941993
1666434267.5005057;7.739176037654962
1666434285.5005057;7.3930713157597605
1666434303.5005057;7.351690581452446
1666434321.5005057;7.37081994392435
1666434339.5005057;7.186934400179364
1666434357.5005057;7.200080930349333
1666434375.5005057;7.10058903225575
1666434393.5005057;7.06410070526614
1666434411.5005057;7.031263996453503
1666434429.5005057;7.023744710257989
1666434447.5005057;7.006792143508245
1666434465.5005057;7.00273553935665
1666434483.5005057;7.006313444083798
1666434501.5005057;7.00703229047485
1666434519.5005057;7.006746985173423
1666434537.5005057;7.06080300320635
1666434555.5005057;7.0764709897276115
1666434573.5005057;7.205048493961618
1666434591.5005057;7.195986234267695
1666434609.5005057;7.179890435692885
1666434627.5005057;7.373975737824338
1666434645.5005057;7.548383384743122
1666434663.5005057;7.666992416162492
1666434681.5005057;7.8305463563062805
1666434699.5005057;7.888545644000931
1666434717.5005057;8.03504634653349
1666434735.5005057;8.011567708481563
1666434753.5005057;8.07200778331151
1666434771.5005057;8.138513057101278
1666434789.5005057;8.564939792904784
1666434807.5005057;8.542850020125554
1666434825.5005057;8.742337346569133
1666434843.5005057;8.856685232030257
1666434861.5005057;8.953305158010657
1666434879.5005057;8.974690785256428
1666434897.5005057;9.409274969246887
1666434915.5005057;9.323057411368753
1666434933.5005057;9.691510885704771
1666434951.5005057;9.72912164625411
1666434969.5005057;9.802682360941589
1666434987.5005057;10.39121008392778
1666435005.5005057;10.384058142734338
1666435023.5005057;10.507451055098988
1666435041.5005057;10.743849415781288
1666435059.5005057;10.800654785869261
1666435077.5005057;11.239025852241902
1666435095.5005057;11.370283589082158
1666435113.5005057;11.498305958362211
1666435131.5005057;11.564332939238028
1666435149.5005057;11.87501653124598
1666435167.5005057;11.848188286072826
1666435185.5005057;12.089117028224562
1666435203.5005057;12.180966056173299
1666435221.5005057;12.363941464206814
1666435239.5005057;12.366886176566943
1666435257.5005057;12.347580211323942
1666435275.5005057;12.63204739683094
1666435293.5005057;12.530724161277428
1666435311.5005057;12.65779848749777
1666435329.5005057;12.68321251157427
1666435347.5005057;12.825145735732283
1666435365.5005057;12.944582839679478
1666435383.5005057;12.864309584536784
1666435401.5005057;12.956084002794785
1666435419.5005057;12.999083447234536
1666435437.5005057;12.999985361980645
1666435455.5005057;12.994333579034915
1666435473.5005057;12.959713108244266
1666435491.5005057;12.979607514443341
1666435509.5005057;12.957129292516582
1666435527.5005057;12.831396021819302
1666435545.5005057;12.915114818216313
1666435563.5005057;12.874691160465492
1666435581.5005057;12.66699536259782
1666435599.5005057;12.544567809138549
1666435617.5005057;12.455786687797573
1666435635.5005057;12.483721152763483
1666435653.5005057;12.241462137931219
1666435671.5005057;12.403377511457064
1666435689.5005057;12.050568583921427
1666435707.5005057;11.839308457405972
1666435725.5005057;11.97676965541191
1666435743.5005057;11.76934997373015
1666435761.5005057;11.784828783152197
1666435779.5005057;11.615355481495168
1666435797.5005057;11.13779802692023
1666435815.5005057;10.99595471162104
1666435833.5005057;11.222764108057373
1666435851.5005057;10.739930774432278
1666435869.5005057;10.968209980973137
1666435887.5005057;10.338349311754978
1666435905.5005057;10.241023111194545
1666435923.5005057;10.035494731034374
1666435941.5005057;10.159632536688616
1666435959.5005057;9.65468745566095
1666435977.5005057;9.463041906526458
1666435995.5005057;9.452432007198937
1666436013.5005057;9.441829188053362
1666436031.5005057;8.935478840336337
1666436049.5005057;8.729408198091422
1666436067.5005057;9.011043654255975
1666436085.5005057;8.775264441305097
1666436103.5005057;8.710991329784116
1666436121.5005057;8.460880025351308
1666436139.5005057;8.009878512771627
1666436157.5005057;8.07904093377493
1666436175.5005057;7.916962981202888
1666436193.5005057;7.926491348233024
1666436211.5005057;7.727055707051967
1666436229.5005057;7.501348911242111
1666436247.5005057;7.570454668434737
1666436265.5005057;7.457130525611001
1666436283.5005057;7.405097728171356
1666436301.5005057;7.304051209320923
1666436319.5005057;7.212361308016648
1666436337.5005057;7.068383368607931
1666436355.5005057;7.175080601208101
1666436373.5005057;7.068261311915163
1666436391.5005057;7.077053799451447
1666436409.5005057;7.017330506481118
1666436427.5005057;7.002274659475247
1666436445.5005057;7.02144926255408
1666436463.5005057;7.001196825993321
1666436481.5005057;7.028869913414194
1666436499.5005057;7.120542736649562
1666436517.5005057;7.092548131618411
1666436535.5005057;7.256627789933576
1666436553.5005057;7.121206674061096
1666436571.5005057;7.279166110783409
1666436589.5005057;7.352181339912978
1666436607.5005057;7.617232819027331
1666436625.5005057;7.605608619033166
1666436643.5005057;7.567473043064916
1666436661.5005057;7.609575819076396
1666436679.5005057;7.735503584480854
1666436697.5005057;8.104764895664921
1666436715.5005057;7.911149727763823
1666436733.5005057;8.48958915782297
1666436751.5005057;8.306036177413063
1666436769.5005057;8.712909495834065
1666436787.5005057;8.93806071932227
1666436805.5005057;8.699894637192141
1666436823.5005057;8.910592598073626
1666436841.5005057;9.002267401206822
1666436859.5005057;9.13800600932372
1666436877.5005057;9.266966499093884
1666436895.5005057;9.783445169344459
1666436913.5005057;9.71945477259299
1666436931.5005057;9.810957185637196
1666436949.5005057;10.33392603978685
1666436967.5005057;10.496117446169372
1666436985.5005057;10.80230922680245
1666437003.5005057;10.89322859843054
1666437021.5005057;10.934933627427807
1666437039.5005057;10.86222281195012
1666437057.5005057;11.286267108660773
1666437075.5005057;11.296004506802085
1666437093.5005057;11.501838966462348
1666437111.5005057;11.779297302778396
1666437129.5005057;11.655343542575656
1666437147.5005057;11.811004715766986
1666437165.5005057;11.97067821492271
1666437183.5005057;12.181707244099911
1666437201.5005057;12.445265484815712
1666437219.5005057;12.356452002364662
1666437237.5005057;12.421034231744487
1666437255.5005057;12.457005971601772
1666437273.5005057;12.808185880920737
1666437291.5005057;12.655512780677189
1666437309.5005057;12.741294662840513
1666437327.5005057;12.910598643429585
1666437345.5005057;12.91883206036568
1666437363.5005057;12.986027540015474
1666437381.5005057;12.998270677456214
1666437399.5005057;12.98006027568606
1666437417.5005057;12.999792414417914
1666437435.5005057;12.99926289007969
1666437453.5005057;12.960026160737966
1666437471.5005057;12.889687510234225
1666437489.5005057;12.886770410517196
1666437507.5005057;12.882156609034425
1666437525.5005057;12.844088972359927
1666437543.5005057;12.626383589837559
1666437561.5005057;12.570031580125868
1666437579.5005057;12.713489376657597
1666437597.5005057;12.63962869771932
1666437615.5005057;12.53570669378667
1666437633.5005057;12.175775848153057
1666437651.5005057;12.27120489402105
1666437669.5005057;11.879882683828567
1666437687.5005057;12.102622604813693
1666437705.5005057;11.748049858433241
1666437723.5005057;11.68259598101127
1666437741.5005057;11.427298153928243
1666437759.5005057;11.420443602401857
1666437777.5005057;11.306633383287942
1666437795.5005057;11.02882634454679
1666437813.5005057;10.763850050388747
1666437831.5005057;10.834415048341267
1666437849.5005057;10.463909661047076
1666437867.5005057;10.10696843954029
1666437885.5005057;10.454447298174141
1666437903.5005057;10.025415622501637
1666437921.5005057;9.765866666259733
1666437939.5005057;9.511031980962509
1666437957.5005057;9.23654358624396
1666437975.5005057;9.37194617688743
1666437993.5005057;9.209908890199689
1666438011.5005057;9.283677767426006
1666438029.5005057;9.065705488072659
1666438047.5005057;8.539934612920119
1666438065.5005057;8.298921996565282
1666438083.5005057;8.51330116234675
1666438101.5005057;8.113428384905006
1666438119.5005057;8.218829364652997
1666438137.5005057;8.131698986655707
1666438155.5005057;7.886176913011394
1666438173.5005057;7.711922508700476
1666438191.5005057;7.57721623367827
1666438209.5005057;7.4348336979989345
1666438227.5005057;7.378175630522195
1666438245.5005057;7.338941620392789
1666438263.5005057;7.33260357134341
1666438281.5005057;7.156813339210235
1666438299.5005057;7.21641533330891
1666438317.500506;7.0440428115013844
1666438335.500506;7.032781710167157
1666438353.500506;7.019259061596836
1666438371.500506;7.016767139058346
1666438389.500506;7.001518646299743
1666438407.500506;7.0004637875089575
1666438425.500506;7.030626307103519
1666438443.500506;7.019339235744697
1666438461.500506;7.019202036872638
1666438479.500506;7.126816643360575
1666438497.500506;7.2133336637612135
1666438515.500506;7.305205206225713
1666438533.500506;7.197186677955408
1666438551.500506;7.284701746158964
1666438569.500506;7.607721624029493
1666438587.500506;7.499484445818552
1666438605.500506;7.752454721346329
1666438623.500506;7.739775283567205
1666438641.500506;8.011415318078592
1666438659.500506;8.181962074257
1666438677.500506;8.082434924421445
1666438695.500506;8.223254457362097
1666438713.500506;8.200601061799844
1666438731.500506;8.497257141216743
1666438749.500506;8.614505586094516
1666438767.500506;8.936264907556202
1666438785.500506;8.997086348598815
1666438803.500506;8.970541881649323
1666438821.500506;9.250013818271173
1666438839.500506;9.56925502077443
1666438857.500506;9.591818711892829
1666438875.500506;10.150273380445912
1666438893.500506;9.891147788567176
1666438911.500506;10.150847847508953
1666438929.500506;10.5279355039099
1666438947.500506;10.740745506567247
1666438965.500506;10.516685190132028
1666438983.500506;11.120244154451667
1666439001.500506;10.921696494271304
1666439019.500506;11.416848933647366
1666439037.500506;11.520415998384731
1666439055.500506;11.65427325399557
1666439073.500506;11.55439892892325
1666439091.500506;11.573844132038452
1666439109.500506;11.925434929828207
1666439127.500506;12.157191385108767
1666439145.500506;12.06252028717049
1666439163.500506;12.420276261194715
1666439181.500506;12.459709415128787
1666439199.500506;12.514376528997797
1666439217.500506;12.571021680513418
1666439235.500506;12.710708979696964
1666439253.500506;12.779073988133666
1666439271.500506;12.727428273245089
1666439289.500506;12.820191037227616
1666439307.500506;12.903455892490673
1666439325.500506;12.991388483508231
1666439343.500506;12.939487364842858
1666439361.500506;12.977115247551291
1666439379.500506;12.995463643712796
1666439397.500506;12.997149552297238
1666439415.500506;12.998445672955434
1666439433.500506;12.970736840195311
1666439451.500506;12.955536184657344
1666439469.500506;12.92372543698144
1666439487.500506;12.906309870058333
1666439505.500506;12.819994845564503
1666439523.500506;12.661307587026435
1666439541.500506;12.488871393369013
1666439559.500506;12.347811600994387
1666439577.500506;12.421332087882211
1666439595.500506;12.115473975626468
1666439613.500506;12.366761118375539
1666439631.500506;12.072094810272
1666439649.500506;11.895365444862517
1666439667.500506;11.770493224421072
1666439685.500506;11.778727251151334
1666439703.500506;11.54001623484656
1666439721.500506;11.52558531727602
1666439739.500506;11.17620543463873
1666439757.500506;11.174560751998959
1666439775.500506;10.793505407845812
1666439793.500506;10.754098328522065
1666439811.500506;10.6033435713962
1666439829.500506;10.170606988090045
1666439847.500506;10.496614934384286
1666439865.500506;9.807256736818484
1666439883.500506;9.653113959071003
1666439901.500506;9.962549670664323
1666439919.500506;9.301238713909266
1666439937.500506;9.360908841175089
1666439955.500506;8.956465614128252
1666439973.500506;9.131032522766604
1666439991.500506;9.023719510320593
1666440009.500506;8.483247367626102
1666440027.500506;8.33427172329553
1666440045.500506;8.293095245964318
1666440063.500506;8.49416389157387
1666440081.500506;7.949728548920798
1666440099.500506;8.16530219714975
1666440117.500506;7.723276804084669
1666440135.500506;7.818408173321533
1666440153.500506;7.615330698012309
1666440171.500506;7.612428843500698
1666440189.500506;7.566722280212026
1666440207.500506;7.487628668312337
1666440225.500506;7.266373148709779
1666440243.500506;7.294744647639455
1666440261.500506;7.238449718514774
1666440279.500506;7.074151849175783
1666440297.500506;7.032886166526457
1666440315.500506;7.003994138816857
1666440333.500506;7.005400501662599
1666440351.500506;7.001576050424051
1666440369.500506;7.002421315441058
1666440387.500506;7.048348582722913
1666440405.500506;7.033853595816824
1666440423.500506;7.042723250590991
1666440441.500506;7.139871073928865
1666440459.500506;7.16989921223421
1666440477.500506;7.207111413318687
1666440495.500506;7.313644276412651
1666440513.500506;7.268056257927645
1666440531.500506;7.38549884093176
1666440549.500506;7.529321888750694
1666440567.500506;7.730270105809206
1666440585.500506;7.708046519753735
1666440603.500506;7.977423977168634
1666440621.500506;8.08282289182452
1666440639.500506;8.272364266857636
1666440657.500506;8.45480740986869
1666440675.500506;8.420479126290406
1666440693.500506;8.391496079763051
1666440711.500506;8.71324523103333
1666440729.500506;8.626119929077941
1666440747.500506;9.301169908946308
1666440765.500506;9.320428215992946
1666440783.500506;9.404252259519744
1666440801.500506;9.31806666155719
1666440819.500506;9.540654770751578
1666440837.500506;9.819736981335883
1666440855.500506;10.169325893955879
1666440873.500506;9.95820487462152
1666440891.500506;10.571477197986669
1666440909.500506;10.252479712736061
1666440927.500506;10.45678267813644
1666440945.500506;10.964892407181667
1666440963.500506;10.843608147202373
1666440981.500506;11.421511376622867
1666440999.500506;11.48605315012725
1666441017.500506;11.269220749135528
1666441035.500506;11.45255281202035
1666441053.500506;11.718667526927359
1666441071.500506;11.729950102771447
1666441089.500506;12.067238817299826
1666441107.500506;12.184851147835884
1666441125.500506;12.341396350969402
1666441143.500506;12.435010593011054
1666441161.500506;12.49583126749382
1666441179.500506;12.661540385359185
1666441197.500506;12.651218205140722
1666441215.500506;12.712454355504486
1666441233.500506;12.786203969061187
1666441251.500506;12.792384232643204
1666441269.500506;12.937415143919948
1666441287.500506;12.954167297549212
1666441305.500506;12.973335160601057
1666441323.500506;12.975521886298706
1666441341.500506;12.987522650537832
1666441359.500506;12.990076331382962
1666441377.500506;12.993477125116124
1666441395.500506;12.982986238113593
1666441413.500506;12.885519517131248
1666441431.500506;12.934876317599457
1666441449.500506;12.89579607617421
1666441467.500506;12.863395009316823
1666441485.500506;12.596676844036434
1666441503.500506;12.62533936169657
1666441521.500506;12.585804777779385
1666441539.500506;12.421750002068082
1666441557.500506;12.327210601647531
1666441575.500506;12.099761253654934
1666441593.500506;12.074774614796432
1666441611.500506;11.895914163319622
1666441629.500506;11.98153146762614
1666441647.500506;11.445912370708992
1666441665.500506;11.679803490052548
1666441683.500506;11.437515358716528
1666441701.500506;10.983799737664393
1666441719.500506;11.216481872226101
1666441737.500506;11.087428224014587
1666441755.500506;10.71697534777765
1666441773.500506;10.533344410665421
1666441791.500506;10.10838345374648
1666441809.500506;10.082609005745667
1666441827.500506;10.203675061701961
1666441845.500506;9.854101830063913
1666441863.500506;9.634169446023709
1666441881.500506;9.481092016269452
1666441899.500506;9.405640052991123
1666441917.500506;9.087580448751508
1666441935.500506;8.80518668735765
1666441953.500506;8.651442167415295
1666441971.500506;8.546417439826467
1666441989.500506;8.474559467224692
1666442007.500506;8.325898028204081
1666442025.500506;8.272530657634784
1666442043.500506;8.041755372850945
1666442061.500506;8.201677585074226
1666442079.500506;7.963003238650926
1666442097.500506;7.955096827338573
1666442115.500506;7.5311404313564125
1666442133.500506;7.478531913703719
1666442151.500506;7.347395706601788
1666442169.500506;7.427520198832926
1666442187.500506;7.302353137685857
1666442205.500506;7.1790402416504975
1666442223.500506;7.187719333661878
1666442241.500506;7.1542204263609825
1666442259.500506;7.134380461893343
1666442277.500506;7.0146431713237245
1666442295.500506;7.000128281227273
1666442313.500506;7.003801591435982
1666442331.500506;7.00108889886653
1666442349.500506;7.042005989457138
1666442367.500506;7.010611957170208
1666442385.500506;7.015510577570559
1666442403.500506;7.130753896506475
1666442421.500506;7.154114007922228
1666442439.500506;7.239768783943971
1666442457.500506;7.195615156942001
1666442475.500506;7.279024464141091
1666442493.500506;7.514389363796633
1666442511.500506;7.6502174736383495
1666442529.500506;7.698720274584176
1666442547.500506;7.750714671344828
1666442565.500506;7.950465170422278
1666442583.500506;8.168931226611967
1666442601.500506;8.184645233235688
1666442619.500506;8.261002515500467
1666442637.5005062;8.634063862266899
1666442655.5005062;8.540375300722994
1666442673.5005062;8.492388486086172
1666442691.5005062;8.834688232923197
1666442709.5005062;8.939418178287651
1666442727.5005062;9.369506135597463
1666442745.5005062;9.202270901092328
1666442763.5005062;9.267816084312413
1666442781.5005062;9.44239434675784
1666442799.5005062;10.109895774315325
1666442817.5005062;10.069701690753101
1666442835.5005062;10.480418138335892
1666442853.5005062;10.556049105201208
1666442871.5005062;10.601956508296706
1666442889.5005062;10.87686688146416
1666442907.5005062;11.001070219008671
1666442925.5005062;10.883152823925677
1666442943.5005062;11.24626699770877
1666442961.5005062;11.454054755027265
1666442979.5005062;11.705296067727362
1666442997.5005062;11.872805094111841
1666443015.5005062;11.888222510699318
1666443033.5005062;12.023719553589128
1666443051.5005062;12.020607929356423
1666443069.5005062;12.23908429226227
1666443087.5005062;12.112340571289328
1666443105.5005062;12.474266734253423
1666443123.5005062;12.550600986697903
1666443141.5005062;12.44714047109853
1666443159.5005062;12.758206058143493
1666443177.5005062;12.693934761515276
1666443195.5005062;12.86059591727398
1666443213.5005062;12.926078713330442
1666443231.5005062;12.858956790865147
1666443249.5005062;12.981116526552682
1666443267.5005062;12.97520271299493
1666443285.5005062;12.957729442667473
1666443303.5005062;12.994137279753327
1666443321.5005062;12.989137446695239
1666443339.5005062;12.940960359963201
1666443357.5005062;12.95505521816424
1666443375.5005062;12.968121376167854
1666443393.5005062;12.80503182258339
1666443411.5005062;12.881416232166796
1666443429.5005062;12.782980328389039
1666443447.5005062;12.619265444566226
1666443465.5005062;12.47957414543805
1666443483.5005062;12.539393417056175
1666443501.5005062;12.49101372285637
1666443519.5005062;12.181360971275678
1666443537.5005062;12.332200684551776
1666443555.5005062;12.231777883379564
1666443573.5005062;12.181798374609503
1666443591.5005062;11.608107957311615
1666443609.5005062;11.684353942539731
1666443627.5005062;11.61268492228799
1666443645.5005062;11.593423525423631
1666443663.5005062;11.372951671542042
1666443681.5005062;10.928750923221305
1666443699.5005062;10.96690320246002
1666443717.5005062;10.691418004776265
1666443735.5005062;10.695516322908194
1666443753.5005062;10.470168698921889
1666443771.5005062;10.298831014843353
1666443789.5005062;10.282122320062665
1666443807.5005062;10.166666367678694
1666443825.5005062;9.71539327807317
1666443843.5005062;9.529132099484093
1666443861.5005062;9.39163811393045
1666443879.5005062;9.042643992594764
1666443897.5005062;8.781116043937189
1666443915.5005062;8.890049895496318
1666443933.5005062;8.919106966878468
1666443951.5005062;8.345446211704665
1666443969.5005062;8.412091319777561
1666443987.5005062;8.24623010277811
1666444005.5005062;8.113689872230635
1666444023.5005062;7.874085311871409
1666444041.5005062;8.04868319481459
1666444059.5005062;7.829709138448633
1666444077.5005062;7.783466760943043
1666444095.5005062;7.611470044359876
1666444113.5005062;7.313510333658179
1666444131.5005062;7.267694380394804
1666444149.5005062;7.303977453015396
1666444167.5005062;7.222388245570022
1666444185.5005062;7.096154766499929
1666444203.5005062;7.1760351241660985
1666444221.5005062;7.0822304555702145
1666444239.5005062;7.023812541751209
1666444257.5005062;7.016049005236857
1666444275.5005062;7.024118423492308
1666444293.5005062;7.009524994533951
1666444311.5005062;7.000369547108495
1666444329.5005062;7.045768005821747
1666444347.5005062;7.0625093574194775
1666444365.5005062;7.060452515284631
1666444383.5005062;7.079471564750964
1666444401.5005062;7.2313372991867855
1666444419.5005062;7.232026139382159
1666444437.5005062;7.283799348750735
1666444455.5005062;7.525808348970873
1666444473.5005062;7.5200473169681015
1666444491.5005062;7.4475558084918205
1666444509.5005062;7.913882768464743
1666444527.5005062;8.041447023814612
1666444545.5005062;7.7546013617891045
1666444563.5005062;8.13668843773949
1666444581.5005062;8.357046238696846
1666444599.5005062;8.259438052324596
1666444617.5005062;8.472121713014214
1666444635.5005062;8.644640294250484
1666444653.5005062;8.85618617317309
1666444671.5005062;9.06891006904735
1666444689.5005062;9.351228373430263
1666444707.5005062;9.126679824108205
1666444725.5005062;9.522674464161497
1666444743.5005062;9.685006475234456
1666444761.5005062;9.818323633363159
1666444779.5005062;9.871039749824902
